Lemon Cake (Deluxe);;;;;;;;;;;;;;
;;;;;;;;;;;;;;
;Amount;Unit;;kcal;Fat;Carbs;Sugar;Protein;Salt;;;;;
Nutritional values per 100g/ml;100;g;;104.9;5.0;11.4;4.7;5.3;0.2;;;;;
Nutritional values per ¬Ω Deluxe Tub;340;g;;356.7;16.9;38.9;16.0;17.9;0.5;;;;;
Nutritional values total;685;g;;719.0;34.1;78.4;32.2;36.0;1.1;;;;;
;;;;;;;;;;;;;;
FPDF / PAC (target 20..30);30.30;;;;;;;;;;;;;
"Protein / Energy Ratio (ok=12%; hi=20%)";20.03%;;;;;;Low-Sugar;Hi-Protein;;;;;;
‚ÑπÔ∏è Milk Solids Non-Fat (MSNF, 7-11%);65.1;g;;9.5%;;;;;;;;;;
‚ÑπÔ∏è Net carbs;38.4;g;;*‚àù 5 servings@137g:* 7.7g;;;*‚àù 3 servings@228g:* 12.8g;;;*energy ratio (low <20%):* 21.3%;;;;
"> *A slice of Italian sunshine, one scoop at a time.*

Inspired by Italian lemon ricotta cake, this captures the essence of the classic dessert in frozen form,
and adds a spirited Limoncello twist (see the ingredients for a non-alcoholic alternative).";;;;;;;;;;;;;;
;;;;;;;;;;;;;;
"Process on *Sorbet*, [hold it shortly under running water](https://jhermann.github.io/ice-creamery/info/tips%2Btricks/#handling-of-icy-sides-bottom)
*after* that.
Then a scrape-down and a respin or mix-in.<br clear=all />";;;;;;;;;;;;;;
;;;;;;;;;;;;;;
Rating: üòãüçãüçãüç∞üç∞ (lemony-cheesy as expected, not very sour, but refreshing);;;;;;;;;;;;;;
;;;;;;;;;;;;;;
1. Zest the lime first, before juicing it.;;;;;;;;;;;;;;
;;;;;;;;;;;;;;
Ingredients;Amount;Unit;#;kcal;Fat;Carbs;Sugar;Protein;Salt;FPDF;MSNF;Comment;0Carb[%];Counts?
Soured milk 3.5% [Schw√§lbchen];330.00;g;1;64.00;3.50;4.00;4.00;3.30;0.13;0.04;8.50;*alternative:* Creamed cottage cheese 4%;;1
Cottage Cheese 4% (creamed, US/CA);;g;1;104.00;4.30;3.40;2.70;11.00;0.36;0.03;17.20;;;1
Ricotta 9% fat (33% DM) [REWE Marca Italia];250.00;g;1;134.00;9.00;3.20;3.20;10.00;0.16;0.03;14.83;*alternative:* Topfen / Quark 11‚Äì14%;;1
Limoncello di Calabria 28 vol% [REWE];40.00;ml;1;261.00;0.00;26.60;26.60;0.00;;1.90;;*alternative:* 20g glycerin (VG) and 15ml lemon juice;;1
Lime juice + zest (organic) [REWE Bio];20.00;ml;1;25.00;0.10;8.40;1.70;0.40;;;;1 lime = 60..65g;;1
Lemon juice;15.00;ml;1;25.00;0.10;3.36;1.65;0.30;0.01;0.02;;;;0
Glycerin (E422, VG) [hd-line];20.00;g;1;400.00;;99.00;;;;3.70;;"POD = 60%; GI = 5; Density = 1.26 g/ml";50.00;0
Limoncello RAVINI Crema 17 vol% 500ml [Aldi];;ml;1;99.00;7.00;25.00;25.00;1.00;0.00;1.24;;;;0
Topfen / Quark 14.4% [Berchtesgadener];240.00;g;1;179.00;14.40;3.60;3.60;8.40;0.08;0.04;6.60;250g container;;0
SweEX (Erythritol + Xylitol 3:2);40.00;g;2;109.60;;100.00;;;;2.56;;*alternative:* 53g allulose or dextrose;100.00;1
Waxy Maize Starch (E1442) [Ultratex];5.00;g;2;391.00;0.15;97.00;0.00;0.50;0.50;;;*alternative:* [E1422](https://jhermann.github.io/ice-creamery/info/ingredients/#acetylated-distarch-adipate-e1422);;1
Allulose;53.00;g;2;40.00;;80.00;;;;1.90;;*alternative:* 40g SweEX (Erythritol + Xylitol 3:2);80.00;0
Dextrose;53.00;g;2;350.00;;100.00;100.00;;;1.90;;*alternative:* 40g SweEX (Erythritol + Xylitol 3:2);;0
Salt;0.25;g;2;;;;;;100.00;5.90;;7 quick shakes (with my shaker);;1
‚ùîTurmeric;1‚Äì2;pinches;2;;;;;;;;;*optional*, for color;;
;;;;;;;;;;;;;;
Cream 32% [REWE Beste Wahl];;ml;3;311.00;32.00;3.20;3.20;2.50;0.13;0.03;6.32;;;1
Flavor drops Vanilla (sucralose) [IronMaxx];‚âà4;drops;3;;;;;;;;;to taste;;
