Buttermilk Vanilla (Deluxe);;;;;;;;;;;;;;
;;;;;;;;;;;;;;
;Amount;Unit;;kcal;Fat;Carbs;Sugar;Protein;Salt;;;;;
Nutritional values per 100g/ml;100;g;;95.5;4.1;13.2;3.6;5.3;0.3;;;;;
Nutritional values per ¬Ω Deluxe Tub;340;g;;324.8;13.9;44.9;12.1;18.0;1.0;;;;;
Nutritional values total;670;g;;640.1;27.4;88.5;23.9;35.4;2.0;;;;;
;;;;;;;;;;;;;;
FPDF / PAC (target 20..30);30.85;;;;;;;;;;;;;
"Protein / Energy Ratio (ok=12%; hi=20%)";22.14%;;;;;;Low-Sugar;Hi-Protein;;;;;;
‚ÑπÔ∏è Milk Solids Non-Fat (MSNF, 7-11%);65.3;g;;9.7%;;;;;;;;;;
‚ÑπÔ∏è Net carbs;38.5;g;;*‚àù 5 servings@134g:* 7.7g;;;*‚àù 3 servings@223g:* 12.8g;;;*energy ratio (low <20%):* 24.1%;;;;
"Mostly buttermilk, leaving room for some cream-y indulgence.

!!! tip ‚ÄúLower Calories‚Äù

    If you use 575ml of 2% fairlife or another hi-protein milk and no cream,
    you get to about 525 kcal and almost 50g protein in total,
    while the recipe remains balanced and scoopable.";;;;;;;;;;;;;;
;;;;;;;;;;;;;;
"Change the vanilla flavoring to what you have, e.g. vanilla paste or essence. Just be sure to use enough, and taste the base.

Process on *Light Ice Cream*, with scrape-down, and a mix-in or respin run if needed.<br clear=all />

Rating: üòãü•õüç¶ (untested)";;;;;;;;;;;;;;
;;;;;;;;;;;;;;
;;;;;;;;;;;;;;
;;;;;;;;;;;;;;
;;;;;;;;;;;;;;
Ingredients;Amount;Unit;#;kcal;Fat;Carbs;Sugar;Protein;Salt;FPDF;MSNF;Comment;0Carb[%];Counts?
Buttermilk 1% [REWE];500.00;ml;1;35.00;0.50;4.00;4.00;3.50;0.15;0.04;8.50;*alternative:* Milk zero fat / hi-protein [‚ÄúFairlife‚Äù];;1
Glycerin (E422, VG) [hd-line];10.00;g;1;400.00;;99.00;;;;3.70;;"Sweetness = 60%; GI = 5; Density = 1.26 g/ml";50.00;1
Vanilla Extract (w/ alcohol) [Native Vanilla];6.00;ml;1;300.00;;;;;;2.22;;;;1
Brandy or Vodka 40 vol%;;g;1;280.00;;;;;;2.96;;*alternative:* 0g (additional) VG for a sober recipe;;1
Cottage Cheese 4% [REWE Bio];;g;1;91.00;4.00;1.00;1.00;12.70;0.69;0.01;16.00;;;1
Milk 2% fat (hi-protein) [Fairlife];;ml;1;50.00;1.88;2.50;2.50;5.42;0.13;0.03;9.13;US brand;;1
Milk zero fat (hi-protein) [Fairlife];;ml;1;33.00;0.00;2.50;2.50;5.42;0.13;0.03;9.30;US brand;;1
SweEX (Erythritol + Xylitol 3:2);45.00;g;2;109.60;;100.00;;;;2.56;;*alternative:* 60g allulose or dextrose;100.00;1
Whey + Casein protein (grass-fed) [Vilgain];20.00;g;2;384.00;4.60;5.70;5.60;80.00;0.50;0.06;90.40;with stevia;;1
Waxy Maize Starch (E1442) [Ultratex];10.00;g;2;391.00;0.15;97.00;0.00;0.50;0.50;;;*alternative:* [E1422](https://jhermann.github.io/ice-creamery/info/ingredients/#acetylated-distarch-adipate-e1422) / *any* modified starch;;1
Vanilla Bean Powder [InterVanilla];3.00;g;2;288.00;0.10;13.00;13.00;0.00;0.00;;;;;1
Salt;1.00;g;2;;;;;;100.00;5.90;;;;1
Salty Stability [Inulin / GMS / CMC / Guar / XG / Salt];;g;2;267.5;3.6;88.4;5.9;0.3;3.5;0.06;;*not-as-good substitute:* 0g guar, 0g xanthan, and 0g salt;73.80;1
Skim milk powder 1:10 (SMP) [Vita2You];;g;2;358.00;0.97;50.50;50.50;35.00;1.00;0.51;94.03;;;1
;;;;;;;;;;;;;;
Cream 32% [REWE Beste Wahl];75.00;ml;3;311.00;32.00;3.20;3.20;2.50;0.13;0.03;6.32;;;1
Soy milk 1.6% (sugar-free) [Berief];;ml;3;30.00;1.60;0.90;0.00;3.00;0.08;;4.00;;;1
Flavor drops Vanilla (sucralose) [IronMaxx];‚âà3;drops;3;;;;;;;;;to taste;;
;;;;;;;;;;;;;;
;;;;;;;;;;;;;;
;;;;;;;;;;;;;;
;;;;;;;;;;;;;;
;;;;;;;;;;;;;;
;;;;;;;;;;;;;;
;;;;;;;;;;;;;;
;;;;;;;;;;;;;;
;;;;;;;;;;;;;;
;;;;;;;;;;;;;;
;;;;;;;;;;;;;;
;;;;;;;;;;;;;;
;;;;;;;;;;;;;;
;;;;;;;;;;;;;;
;;;;;;;;;;;;;;
;;;;;;;;;;;;;;
;;;;;;;;;;;;;;
;;;;;;;;;;;;;;
;;;;;;;;;;;;;;
;;;;;;;;;;;;;;
;;;;;;;;;;;;;;
;;;;;;;;;;;;;;
;;;;;;;;;;;;;;
;;;;;;;;;;;;;;
;;;;;;;;;;;;;;
;;;;;;;;;;;;;;
;;;;;;;;;;;;;;
;;;;;;;;;;;;;;
;;;;;;;;;;;;;;
;;;;;;;;;;;;;;
;;;;;;;;;;;;;;
;;;;;;;;;;;;;;
;;;;;;;;;;;;;;
;;;;;;;;;;;;;;
;;;;;;;;;;;;;;
;;;;;;;;;;;;;;
;;;;;;;;;;;;;;
;;;;;;;;;;;;;;
;;;;;;;;;;;;;;
;;;;;;;;;;;;;;
;;;;;;;;;;;;;;
;;;;;;;;;;;;;;
;;;;;;;;;;;;;;
;;;;;;;;;;;;;;
;;;;;;;;;;;;;;
;;;;;;;;;;;;;;
;;;;;;;;;;;;;;
;;;;;;;;;;;;;;
;;;;;;;;;;;;;;
;;;;;;;;;;;;;;
;;;;;;;;;;;;;;
;;;;;;;;;;;;;;
;;;;;;;;;;;;;;
;;;;;;;;;;;;;;
;;;;;;;;;;;;;;
;;;;;;;;;;;;;;
;;;;;;;;;;;;;;
;;;;;;;;;;;;;;
;;;;;;;;;;;;;;
;;;;;;;;;;;;;;
;;;;;;;;;;;;;;
;;;;;;;;;;;;;;
;;;;;;;;;;;;;;
;;;;;;;;;;;;;;
;;;;;;;;;;;;;;
;;;;;;;;;;;;;;
;;;;;;;;;;;;;;
